Customer ID,Customer Name,Address
2RCOULEUR,"2R Couleur","Z.I des Bracots, Rue des Près Vignan, 74890, BONS EN CHABLAIS, HAUTE-SAVOIE"
3DCSERVICES,"3DCSERVICES","route de la bouvarde - PARK NORD, 74370, METZ TESSY, HAUTE-SAVOIE"
A4HOLDING,"A4 HOLDING","450 avenue des XV le jeux Olympiques, 73600, MOUTIERS, SAVOIE"
ADELPHIA,"Adelphia","Incomplete address"
A4SERVICES,"A4SERVICES","450, Avenue des XVIe Jeux Olympiques, 73600, MOUTIERS, SAVOIE"
AA-PCESSAI,"AA-PCESSAI","Incomplete address"
ABAC,"ABAC Systems","Affichage Electronique, Mionnaz Nord, 74270, Menthonnex Sous Clermont"
ABCAGENCEMENT,"ABC AGENCEMENT","161 RUE DE L ALBANNE, 73490, LA RAVOIRE, SAVOIE"
ABC-ISOLAT,"ABC Isolation","21, Impasse de la Futaie, Z.A. d'Aléry, 74960, CRAN GEVRIER"
ABD,"ABD Thermie","Incomplete address"
ACERCOMPUTER,"ACER COMPUTER FRANCE","2-8 rue Sarah Bernhardt, CS 90045, 92600, ASNIERES SUR SEINE, HAUTS-DE-SEINE"
ACTINI,"Actini","Parc de Montigny - Maxilly, 74500, EVIAN LES BAINS, HAUTE-SAVOIE"
ACYMAIRIE,"Mairie d'Annecy","Service Informatique, Hôtel de Ville  BP, 74007, ANNECY"
ADDICTFORMCONS,"Addictions Formation Conseil - Franck Warembourg","6 passage Jacquard, App 23, 74960, CRAN GEVRIER, HAUTE-SAVOIE"
ADDR,"Affaire des Doubles Rideaux","9, Rue Sommellier, 74000, ANNECY"
ADONIS,"Adonis Rénovations","593 Avenue Bonatrait, 74140, SCIEZ"
ADP59,"ADP 59","Chalet d'Etudes et Vacances, 74130, ENTREMONT"
ADPLUS,"Ad Plus","65, Route des Provinces, Le Champ des G, 74370, VILLAZ"
ADRETNRJ,"ADRET ENERGIE","Zone Espace Leader, 97, Rue du Nant Borée, 74540, ALBY SUR CHERAN, HAUTE-SAVOIE"
ADSITA,"Adsita","Chemin des Scees, 38930, ST MARTIN DE CLELLES, ISERE"
AEMB,"A.E.M.B Electroérosion","53 rue du Bouleaux, 74300, THIEZ"
AFC,"Audit Formation Conseil","Centre d'Affaires Atria, 1, Avenue Berthollet, 74000, ANNECY"
AFFLELOU-C,"Afflelou Alain Annecy - Mr Chemelle","Bonnet Opticiens, 43, Rue Vaugelas, 74000, Annecy"
AFFLELOU-D,"Afflelou Alain (Carrefour)","Les Marmottes, 134, Avenue de Genève, 74000, Annecy"
AGRIMANA,"Société AGRICOLE de MANA","Rue Mirella Jean Elie, 97360, Mana"
AIXOT,"Office de Tourisme & des Congrès","Rue Jean Monard - BP 132, 73101, AIX LES BAINS Cedex"
ALAINPISCIONERI,"SARL Alain Piscioneri","851 route Forestière du Parmelan, 74370, VILLAZ, HAUTE-SAVOIE"
ALCON-PLAN,"Alcon France","12, Rue du Pré Paillard, P.A.E. les Glaisins, 74940, Annecy Le Vieux"
ALC-RUMILL,"ALC  -  Electro-Ménager","48 avenue Gantin BP 424, 74150, RUMILLY"
ALDEC,"Cabinet ALDEC",""Immeuble  ""Le Royal 2""", 3, Allée des Centaurées  -  BP 144, 38240, MEYLAN Cedex"
ALFA-VERNI,"Alfa Vernis","29, Avenue du Pont de Tasset, Z.I. de, 74960, MEYTHET"
ALLIANCECO,"Alliance Conseil","545, Rue du Colonney, à l'attention d' Anne-Sophie, 74700, Sallanches"
ALLIMANT,"Allimant Frédéric","1, Rue de Chambéry  -  BP 101, 73100, AIX LES BAINS"
ALLOBRHOTE,"Hôtel Les Allobroges","11, Rue Sommellier, 74000, ANNECY"
ALPALABO,"Laboratoire Alpa","Place des Capucins, 73800, MONTMELIAN"
ALPAUTO,"ALP-AUTO Sévrier","Agent Citroën, 74320, SEVRIER"
ALPEGE,"ALPEGE","Incomplete address"
ALPEO,"Cabinet Comptable Alpeo","197 av de la République, 74330, EPAGNY, HAUTE-SAVOIE"
ALPESTROPHEES,"Alpes Trophées","Incomplete address"
ANNECYBOISCONST,"ANNECY BOIS CONSTRUCTION","74540, VIUZ LA CHIESAZ, HAUTE-SAVOIE"
ALPINASECU,"Alpina Sécurité Privé","Park Nord  - Immeuble les Pléiades, 74370, METZ TESSY, HAUTE-SAVOIE"
ALPINATRAN,"Alpina Transaction Immobilière","36 Avenue d'Albigny, 74940, ANNECY le VIEUX"
APLAST,"Aplast","Z.A .du  GLATEY - 81, 73410, La BIOLLE"
ALTELEC,"Altelec","Les Grandes Charrières D1508, 74270, FRANGY, HAUTE-SAVOIE"
ALTERAUDIT,"Alter Audit","PAE de Pré Mairy, 125 Allée Primavera, 74370, PRINGY, HAUTE-SAVOIE"
ALTIUS,"Altius","359, Rue de l'Artisanat, Parc du Calvi, 74330, Poisy"
AMAZONERO,"Amazone Rive Ouest","Chez Mme Sylvie Ravello, 75, Chemin des Fours à Chaux, 74320, Sevrier"
AMBULANCESARA,"Harmonie Ambulance Faverges","Z.A Le Cudray, 310 route de Thônes, 74210, FAVERGES, HAUTE-SAVOIE"
AMIFROID,"Amifroid","Zac des Romains, 2, Route de la salle, 74960, CRAN GEVRIER, HAUTE-SAVOIE"
ANCRAGE,"Ancrage Conseil","Le Lombard, 07210, ST LAGER BRESSAC, ARDECHE"
ANDRIEUXJA,"Andrieux Jacques","TRIONNAS  105, 1978, LENS"
ANNECYMETROLOGIE,"ANNECY METROLOGIE","Parc Althais, 24 rue Uranus, 74650, CHAVANOD, HAUTE-SAVOIE"
APCSERVICES,"APC SERVICES","ZAE des Vernays, 74210, DOUSSARD, HAUTE-SAVOIE"
APPLICHRO,"Applichrome","270 Rue de R. Follereau, Z.I. des Grands Prés, 74300, Cluses"
APSPASQUIE,"Alp' Plafond System","1, Chemin du Chenet, 74540, ALLEVES"
ARAVISELEC,"Aravis Elec","19, Rue du Père F. Avrillon, 74230, Thônes"
ARAVIS-LAC,"Aravis Lac","Maison du Canton, 4, Rue du Pré de Foire, 74230, Thônes"
ARBOSPHERE,"Arbosphère","Bât. Scierie du Faucigny, ZA du Taney, 74250, La Tour"
ATD,"Agence Touristique Départementale","56, Rue Sommellier B.P. 348F, 74000, ANNECY"
ATCI,"Atci Conseil","9, Rue des Vieux Moulins, Parc d'Activité Actigone 3, 74960, Meythet"
ARVIAUTOMO,"Arvi Automobiles","3, Rue de l'Euro, Zone Actigone 4, 74960, Meythet"
ASAC,"ASAC Mont Blanc","15 rue de la Préfecture - "la résidence", "la résidence", 74000, ANNECY, HAUTE-SAVOIE"
ASD-BUCHAI,"Grenke-Location SAS","Z.I. des Iles, 2 chemin des entreprises, 74960, Cran Gevrier"
ASEPTIC,"ASEPTIC FLUIDES SYSTEMES","Zac Isiparc - Klean Plazza, 38330, ST ISMIER, ISERE"
ASSOC-MAIR,"des Maires","Incomplete address"
ASTRUCBUAT,"Astruc et Buatier","Le Village, 1851, MARBOZ"
ATDSRLA,"Agence Touristique Départementale","S.R.L.A. 17, Avenue d'Albigny, 74000, ANNECY"
ATDUBATEAU,"ATELIER DU BATEAU","94 ROUTE DE LA TUILLERIE, 74410, ST JORIOZ, HAUTE-SAVOIE"
ATOUMAT,"Atoumat","Z.A. de la Verrerie, 74290, Alex"
AUDITSECURITEINCENDI,"A.S.S.T.I","66 chemin des près du Biel, LE NOYERAY, 74210, FAVERGES, HAUTE-SAVOIE"
AURBORPEIN,"Aurore Boréale Peinture","145, Route des Vernes, Argonay, 74370, Pringy"
AVENIREPARGNE,"AVENIR EPARGNE","1A Boulevard de la Chantourne, Immeuble le Century, 38700, LA TRONCHE, ISERE"
AXITE,"Axite","Immeuble Alpha, 7 impasse des Prairies, PAE des Glaisins, 74940, ANNECY LE VIEUX, HAUTE-SAVOIE"
AXPOSE,"AX'POSE","Le Vernog, 74370, ST MARTIN DE BELLEVUE"
BADO,"BADO Antoine","6 Sous les Fraises Sauvages, 74600, SEYNOD, HAUTE-SAVOIE"
BADOJONATHAN,"BADO Jonathan","105 Chemin du Lango, 74600, QUINTAL, HAUTE-SAVOIE"
BAILLOT,"Baillot Bernard","Place d'Etale, 74960, CRAN GEVRIER"
BALME-CAFE,"Café de Balme",""Sarl ""Les Montagnardes""", 309, Route des Grottes de Balme, 74300, Magland"
BANCELAIN,"Bancel'Ain Carrelages","Z.A.Sur Le Contour, 01510, ARTEMARE, AIN"
BARRATGROUP,"Antarés","L'Acropole, 86 Avenue d'Aix les Bains, 74600, SEYNOD, HAUTE-SAVOIE"
BBM,"Cabinet Comptable BBM","215 rue Montava, 74370, ARGONAY, HAUTE-SAVOIE"
BBNSERRURERIE,"MECAMETAL","20 rue de l'Euro, Actigone 4, 74960, MEYTHET, HAUTE-SAVOIE"
BEAUSEJOUR,"Beau Séjour","Mr Yasfi Mohamed, 9, Place Perdtemps, 1220, Divonne Les Bains"
BEGUIN,"Hôtel Beguin","Village 2 têtes 1600, 73700, LES ARCS, SAVOIE"
BERLUTTIJL,"BERLUTTIJL","14, Rue du 18 Mai 1945, 74300, CLUSES"
BERNARDICH,"Bernardi","152, Rue des Merisiers, Z.A.C. Pré Vaurien, 74370, Pringy"
BETONFAUCIGNY,"BETON DU FAUCIGNY","ZI La praux Noyer, 74200, ALLINGES, HAUTE-SAVOIE"
BETTIN,"Bettin","330, Route du Plagnolet, 74400, ARGENTIERES"
BGVITRERIE,"BG Vitrerie","Le Chevreuil, 74230, MANIGOD"
BILLET,"Genevieve BILLET","Incomplete address"
BIOVAL,"BIOVAL","Incomplete address"
BLANCHBEAUFORTIN,"Blanchisserie du Beaufortin","Zone Artisanale, 73270, BEAUFORT SUR DORON, SAVOIE"
BLINESTHET,"Blin","Châlet Latitude, Centre Village Haut, 74440, Verchaix"
BOCC,"Bocc","10, Rue Henri Bordeaux, 74000, ANNECY"
BOISIER,"D.E.C. Boisier Michel","Lieu Dit Martelet, 74300, CHATILLON SUR CLUSES, HAUTE-SAVOIE"
BOTTOLIETP,"Bottollier T.P.","1145, Avenue André Lasquin, Z.I. Allée F, 74700, Sallanches"
BRISARD-CM,"Brisard Dampierre","Constructions Métalliques, B.P. 45, 70180, Dampierre Sur Salon"
BRESSEPHILIPPE,"BRESSE PHILIPPE ERP","310 rue Glière du Thermasay Marlens, 74210, VAL DE CHAISE"
BRIDECOLE,"Brides les Bains","Mairie de Brides les Bains, Place du Centenaire    B.P. 32, 73571, Brides les Bains Cedex"
BRIDEMAIRI,"Mairie de Brides les Bains","Place du Centenaire, B.P. 32, 73571, Brides les Bains Cedex"
BRIDEOFFIC,"Office de Tourisme  Brides les Bains","B.P. 28, 73572, Brides les Bains Cedex"
BRIVETALAINSARL,"Brivet Alain EURL","70 Rue Cassiopée  ''Parc Altais'', 74650, CHAVANOD, HAUTE-SAVOIE"
BRUNPATRIC,"BRUN Patrice","12 Rue Glères, 74000, ANNECY"
BTP74,"BTP 74","15, Rue Andromède, Parc Altaïs, 74650, Chavanod"
BUILDINV,"du Palace de Menthon","Le Palace de Menthon, 665, Route des Bains, 74290, MENTHON ST BERNARD"
C.C. ODILE,"Chamiot-Clerc Odile","TAXI Les Carrées, 73200, ALLONDAZ"
CAHS,"Crédit Agricole des Savoie","Incomplete address"
CALLOUD,"Calloud Bertrand","18, Rue de la Licorne, 73600, MOUTIERS TARENTAISE"
CARCAJOU,"Groupe Exiativ","71 Route des Méandres, ZA des Iles, 74230, LA BALME DE THUY, HAUTE-SAVOIE"
CAROTENUTO,"Carotenuto Francesco","Clinique Générale de Savoie, 306, Bouleva, 73000, CHAMBERY"
CHALETCHARDON,"CHALET CHARDON","518 AVENE DU FER A CHEVAL, 74380, BONNE, HAUTE-SAVOIE"
CARRIERESALLINGES,"Carrières Allinges","ZA La Praux -  Noyer, 74200, ALLINGES, HAUTE-SAVOIE"
CASANOVAFR,"Casanova Francine","621, Le Clos Baron, 74700, Domancy"
CASEDEPART,"Case Départ","Couveuse d'Activités, 4 Bis, Avenue du Pont de Tasset, 74960, Cran Gevrier"
CAVESAVOYA,"Cave Savoyarde SVF","2002, Route des Grandes Alpes, Chef Lieu, 74430, St Jean d'Aulps"
CAVIAR,"Caviar & Chocolats","Z.I. Les Fourmis, 211 Av du Mont Blanc, 74130, BONNEVILLE, HAUTE-SAVOIE"
CCI-HS,"Chambre de Commerce et de l'Industrie","5, Rue du 27ème BCA, BP 2072, 74011, Annecy Cedex"
CD CREATION,"CD CREATION","Incomplete address"
CHALMAS,"Imprimerie Chalmas - Dû 131.56 €","P.A. Les Verts Prés, 74960, CRAN GEVRIER"
CDTP,"CDTP","Z.I. des Niollets, 74140, DOUVAINE"
CE00005,"yoyo","aa, zeda, ljbhighuvgb"
CE00013,"ALTAIR","Incomplete address"
CE00021,"le grand shop","Incomplete address"
CE00053,"Mairie de Boussy","Chef lieu,, 74150, BOUSSY, HAUTE-SAVOIE"
CE00055,"cocoa valley","Incomplete address"
CE00062,"ASSOCIATION PETIT PAYS","Incomplete address"
CHAMBMETIE,"Chambre des Métiers de la Hte Savoie","28, Avenue de France, BP 2015, 74011, ANNECY Cedex"
CECCONBTP,"CECCON BTP","Avenue des Iles Prolongée, CS 30012, 74961, CRAN GEVRIER Cedex"
CECCONFR,"Ceccon Freres","Avenue des Iles Prolongées, CS 30012, 74961, CRAN GEVRIER CEDEX"
CEGETELRSS,"Cegetel RSS","Tour Cèdre 7, Allée de l'Arche, 92677, Courbevoie Cedex"
CEGID,"CEGID","52 Quai Paul Sedaillan, 69009, LYON 9EME ARRONDISSEMENT, RHONE"
CHAMBMETRO,"Chambéry Métropole","106, Allée des Blachères, 73026, CHAMBERY Cedex"
CERODE,"Cerode","250, Rue Raoul Follereau, Z.I des Grands Prés, 74300, Cluses"
CFPI-HERIS,"C.F.P.I.","Le Thermesay - RN 508, 74210, MARLENS"
CGHRESIDENCES,"CGH Résidences","6 Avenue du Pré Félin, Parc des Glaisins, 74940, ANNECY LE VIEUX, HAUTE-SAVOIE"
CHABICHOU,"SAS Chabichou Participations","Rue des Chenus, BP 21, 73120, COURCHEVEL"
CL00032,"PELIZZARI","660 ROUTE D AMANCY, 74800, AMANCY, HAUTE-SAVOIE"
CHAMBRESMETIERCMA,"Chambres de Métiers et de l'Artisanat","28 Avenue de France, BP 2015, 74011, ANNECY CEDEX, HAUTE-SAVOIE"
CHAMIOTMAI,"SARL CHAMIOT-MAITRAL","Le Planay, Mont Gombert, 73400, UGINE, SAVOIE"
CHARPENTECHAINAZ,"CHARPENTE CHAINAZIENE","Incomplete address"
CHARVIN,"Charvin Charles & Fils","343, Route Villard - BP 12, 74410, ST JORIOZ"
CHARVMEGEV,"Charvin  Mégevand","Syndic de Copropriétés, 2 avenue Zanaroli, 74600, SEYNOD, HAUTE-SAVOIE"
CHASSEFEDE,"Chasseurs de Savoie","Allée du Petit Bois, 14, Parc de l'Etalope, 73000, Bassens, SAVOIE"
CHAUM,"Chaumière","Les Nants Derrière, 74110, Morzine"
CHEVALIEREQUIP,"CHEVALIER EQUIPEMENT SARL","42 Route Glière de Thermesay, 74210, MARLENS, HAUTE-SAVOIE"
CHEVALLIER,"BOULANGERIE CHEVALLIER","ZI Les Césardes, 10 rue Gustave Eiffel, 74600, SEYNOD, HAUTE-SAVOIE"
COPPEL,"Coppelia","556, rue de Chantabord, 73024, CHAMBERY Cedex"
CL00004,"COMETHO","ZA des Perasses, 74230, THONES, HAUTE-SAVOIE"
CL00040,"MSC Moulage caoutchouc","3 impasse des ecrevisses, ZI du pont de tasset, 74960, MEYTHET, HAUTE-SAVOIE"
CL00053,"SARL JD","4 RUE DE SANCY, ZI DE VOVRAY, 74600, SEYNOD, HAUTE-SAVOIE"
CLEANALPSERV,"DADOUI","15 ROUTE DES VERNES, 74370, ARGONAY, HAUTE-SAVOIE"
CLERCIMMO,"Clerc Immobilier","SARL J2C, 4 ROUTE D ANNECY, 74290, Veyrier du Lac"
CLIMBINGTECH,"Climbing Technology","Parc des Erables, 6 rue des artisans, 74100, VETRAZ MONTHOUX, HAUTE-SAVOIE"
CODERS74,"Cors 74","2, Bis Clos du Buisson, 74940, ANNECY LE VIEUX, HAUTE-SAVOIE"
COFIDESTSALLANCHES,"COFIDEST GROUPE  CABINET CARRIER","131 rue des Râmes, 74700, SALLANCHES, HAUTE-SAVOIE"
COFIDESTTHONON,"COFIDEST RESSOURCES THONON","2, Impasse de la source, Arcopole A, 74200, THONON LES BAINS, HAUTE-SAVOIE"
COLLETPARTICULIER,"Madame Collet","14 rue Louis Chaumontet, 74000, ANNECY, HAUTE-SAVOIE"
COMCOMALBY,"Communauté de Commune du Pays d'Alby","Maison de Pays, 74540, ALBY SUR CHERAN"
COMPTOIR DU MIEL,"Comptoirdu miel","2647 route du Chef lieu, 74430, ST JEAN D AULPS, HAUTE-SAVOIE"
COMRANDOPE,"Randonnées Pédestres","CDRP 74 - Maison de l'Association, 3, Avenue de la Plaine, 74000, Annecy"
CONCEPTINO,"CONCEPT INOX - HYGINOX","P.A.E. Les Jourdies, 676, route des Lacs, 74800, St Pierre en Faucigny"
CONNEXCHY,"Transdev Chambéry","18, Avenue des Chevaliers Tireurs, 73026, CHAMBERY Cedex"
CONSTANTIN,"LOCAM SAS","Maconnerie et Terrassement, 118 chemin de la Croix de Villy, 74930, REIGNER"
COOPTHONES,"Coopérative du Reblochon","Route d'Annecy, B.P 38, 74230, Thônes"
COULEURENSEIGNES,"Couleur Enseignes","1 Allée du sanglier, ZI de Vovray, 74600, SEYNOD, HAUTE-SAVOIE"
CPAM,"CPAM","Incomplete address"
CREAPLURIEL,"Creapluriel","Savoie Technolac,batiment AlouetteII, 23 avenue du lac leman BP10 229, 73370, LE BOURGET DU LAC, SAVOIE"
CREDITMUT,"CM-CIC Formation","Organisme de Formation, 34, Rue de Wacken, 67000, Strasbourg"
CRI,"C.R.I. Archamps","Incomplete address"
CRISTEC,"Cristec Multiservices","Les Vernes de la Mandallaz, 74330, La Balme De Sillingy"
CRTV,"Centre Régional Tourisme Vert","1, Rue Général PLES, 69002, LYON"
CVB,"Centre Vallée Bleue","19, Rue des Carrières, Rive Gauche, 38390, MONTALIEU VERCIEU"
DAILLET,"Médicale de l'Etale","Place d'Etale, 74960, CRAN GEVRIER"
DALLAGNOL,"Dall'Agnol Patrick","Les Parisiens, 74540, CUSY"
DANEL-SERV,"Danel-Services","BP 2526, 38000, GRENOBLE"
DATALP,"Datalp","21 rue de l'Europe, Zae Marclaz 2, 74200, Thonon Les Bains"
DEVILDER A,"Roux - Devylder & Associés","3, Avenue du Prè  Félin  PAE des Glaisin, 74940, ANNECY LE VIEUX"
DEALESSANDRI,"Sarl Dealessandri & Fils","416 Chemin du Moulin de Fond, 73790, TOURS EN SAVOIE, SAVOIE"
DEBLOCK,"Deblock Philippe","27, Avenue de Miage, "Résidence ""Les Dry", 74170, ST GERVAIS LES BAINS"
DECOMECA,"Deco-Meca Sasu","75 avenue du Môle, ZI Les Valignons, 74460, MARNAZ, HAUTE-SAVOIE"
DEFROISS,"DEFROISS AUTO","Les Marais Noirs, 74330, POISY, HAUTE-SAVOIE"
DELFALU,"SAS NUOVALU","261 route des Blaves, Zone Industrielle de Noyer, 74200, ALLINGES, HAUTE-SAVOIE"
DIFFUCARTE,"DiffuCartes","529, Route des Vernes Zone Industrielle, 74370, PRINGY"
DIOCESAINE,"HOSPITALITE DIOCESAINE","NOTRE DAME DE LOURDES, BP144, 74000, ANNECY, HAUTE-SAVOIE"
DODO,"SAS DODO","25 AVENIR DU PARMELAN, 74000, ANNECY, HAUTE-SAVOIE"
DOISNE,"Doisne Dominique - Capgemini EstClermont","Immeuble @CAP4000, 2, Allée Alan Turing, 63170, Aubiere"
DOMBESDIST,"SAS DOMBES DISTRIBUTION","La Bervillière, 01390, ST ANDRE DE CORCY, AIN"
DORNIERMED,"Dornier MedTech France","La Ferme de Saint Paul, 1545, Route d'Epagny, 74330, Sillingy"
DREVONFREA,"Drevon-Gaillot C. & Frealle C.","Chef-Lieu, 74150, VALLIERES"
DRIMEX,"DRIMEX","186 route de Villard, 74550, PERRIGNIER, HAUTE-SAVOIE"
DSP,"D.S.P. - Serge MARIN","376, Avenue du Côteau, "Immeuble ""Le Cheverny""", 74130, BONNEVILLE"
DUBOURGEAL,"Dubourgeal Alphonse","58, Avenue du Mt Blanc, B.P. 67, 74952, Scionzier Cedex"
DUCHALET SHOP,"Du Chalet Shop","Incomplete address"
DUCHALETSHOP,"Du Chalet Shop","150 Chemin du Moulin de Tréffle, 74290, ALEX, HAUTE-SAVOIE"
DUCREYCHAR,"Ducrey Alain Charpentes","818, Route de la Prairie, 74920, COMBLOUX"
DUM-DAVIET,"Mr Cédric Daviet","Géomètre Expert, 16, Avenue des Alpes, 74150, RUMILLY"
DUMONT-COL,"Dumont-Collinet","1, Avenue Gantin Place d'Armes, 74150, RUMILLY"
DUTRUELA,"Dutruel Albin","Incomplete address"
DYNAMIC BUREAU,"Dynamic Bureau","Incomplete address"
DYNAMICBUR,"Dynamic Bureau","Parc de la Plaine du Treige, 510, Avenue d'Aix les Bains, 74600, Seynod"
EBENISTERIEPUPPIN,"EBENISTERIE PUPPIN","55 Impasse des Castors, 74890, BONS EN CHABLAIS, HAUTE-SAVOIE"
EBPPARIS,"E.B.P.","Rue de Cutesson, ZA du Bel Air  -  BP 95, 78513, RAMBOUILLET Cedex"
ECMDUBOIS,"Ecomusée du Bois","Thônes Patrimoine & Culture, Les Etouvières, 74230, THONES"
ECOMUSEE,"ECOMUSEE DU LAC D'ANNECY","Place de L'Eglise, 74320, SEVRIER, HAUTE-SAVOIE"
EFFIKASS,"EFFIK'ASS","4 Bis Avenue du Pont de Tasset, 74960, Cran Gevrier"
EIFFAGE,"EIFFAGE","Incomplete address"
ELEC-GAVOT,"Elec-Gavot-Installation","La Fin de la Croix, 74500, VINZIER"
ELITESECURITE,"ELITE SECURITE","ZAC du Larry, 74200, THONON LES BAINS, HAUTE-SAVOIE"
ELMPROPOSE,"ELM Pro-Pose","RN 508, Z.A. des Grandes Vignes, 74330, La Balme de Sillingy"
EMIN,"SIC Alpes","24, Route de Nanfray, Z.I. du Levray, 74960, Cran Gevrier"
ENR-SERVIC,"E.N.R. Services","Domaine du Chéran, 2 Chemin de Pasnaille, 74150, Rumilly"
ENSEIGNES,"Enseigne 74 - Signarama","10 Impasse de la Futaie  Z.A D'Alery, 74960, Cran Gevrier"
EPC,"E.P.C.","ZI de Pringy - 520, Route des Vernes, 74370, PRINGY"
EPILSERVICE,"Epil Service'S","11 Boulevard Decoux, 74000, ANNECY, HAUTE-SAVOIE"
EPSON,"Epson France","Service DOA, B.P.320 - 150, rue Victor Hugo, 92305, LEVALLOIS PERRET cedex"
ERHASSAN,"ER","Pré Vaurien, 112, Rue des Merisiers, 74370, Pringy"
ERMECO,"Ermeco","PAE Borly, 123 Chemin de la Noue, 74380, CRANVES SALES, HAUTE-SAVOIE"
ESAAA,"Ecole supérieure d'arts de l'agglomération d'Annecy","52 bis Rue des Marquisats, D1508, 74000, ANNECY, HAUTE-SAVOIE"
EUROMENAGER,"EUROMENAGER","ZONES DES BROMINES, 470 ROUTE DES PRES ROLLIER, 74330, SILLINGY, HAUTE-SAVOIE"
ETICA,"ETICA","Agence de Lyon Bâtiment B - 4ème étage, 84, Quai Charles de Gaulle, 69463, Lyon Cedex 06"
EUROPEAUTO,"GARAGE EUROPE AUTO","73 rue du Jura, ZI Neydens, 74160, NEYDENS, HAUTE-SAVOIE"
EUROPM,"EURO PM","ZAE LES GRANDS PRES, 25 ROUTE DES SAINTIERS, 74320, SEVRIER, HAUTE-SAVOIE"
EVADENT,"Centre Dentaire Evadent","La Fin de Closon, 74330, POISY, HAUTE-SAVOIE"
EXCELP,"Excel Protection","12 Allée Albert Sylvestre, Immeuble L'Iris, 73000, Chambéry"
FABIOPEINTURE,"FABIO PEINTURE SARL","3 allée des Reinettes, 74960, MEYTHET, HAUTE-SAVOIE"
FABREJL,"Fabre Jean-Luc - CFI","B.P. 84, 30240, LE GRAU DU ROI"
FAISANDORE,"Kbc Lease France","153, Chemin des Prés Bouveaux, 74960, Cran Gevrier"
FAVROTJEAN,"Favrot Jean",""Immeuble ""Le Chenay""", 74290, TALLOIRES"
FERMETURESINDUSTRIE,"Fermetures Industrie","75 chemin dela combe Gouty, Le village d'en haut, 01250, RAMASSE, AIN"
FERRYFRAN,"François Ferry","257 chemin de la Mandellerie, info@scandulae.fr, 74230, MANIGOD, HAUTE-SAVOIE"
FIDURALP,"Fiduralp","Le Ténéré, 49, Avenue d'Evian, 74200, Thonon Les Bains"
FLAINE OT,"Office du Tourisme de Flaine","Galerie des Marchands - Bâtiment H, 74300, CLUSES"
FLAINESYN,"Syndicat Intercommunal de Flaine","Bâtiment Technique & Administratif, 74300, CLUSES"
FLANQUART,"Flanquart","15, Rue Gustave Eiffel  -  Z.A. des Césa, 74600, SEYNOD"
FLOCONSVERTS,"Les Flocons Verts","Ternélia des Grands Massifs, 74300, LES CARROZ D ARRACHES, HAUTE-SAVOIE"
FMHASERVICES,"FMHA Services","38 Rue Saint Exupery  - CréaPôle, 73300, ST JEAN DE MAURIENNE, SAVOIE"
FORMEOPRO,"Forméopro","8, Avenue du Pré Closet, Parc des Glaisins, 74940, Annecy le Vieux"
FRED DIFFUSION,"FRET DIFFUSION","Incomplete address"
FRETDIFFUSION,"FRET DIFFUSION","391 route de l'artisanat, 74330, POISY, HAUTE-SAVOIE"
FRONTALIER,"Groupement Transfrontalier Européen","50 rue de Genève - BP 35, Immeuble "La Croisée", 74100, ANNEMASSE"
GBS MULTI S,"GBS MULTI SERVICES","Incomplete address"
GADESIGN,"GA DESIGN","5 bis, Avenue des 3 Fontaines, 74600, SEYNOD"
GARAGELACHAT,"Garage du Lachat","Route de la Clusaz, Les Corriez, 74230, THONES, HAUTE-SAVOIE"
GARAGEMALABRE,"GARAGE MALABRE","Za Les Boucheroz, 74210, FAVERGES, HAUTE-SAVOIE"
GATTABRU,"Gattabrusi Eric","Zone Artisanale d'Aléry 15, Impasse de l, 74960, CRAN GEVRIER"
GAUBICHER,"Gaubicher","1002, Route Nationale, B.P. 139, 74120, Megeve"
GAUDIN MC,"Gaudin Marie Christine","Le Golden Park, 2, Rue Paul Guitton, 74000, ANNECY"
GEHPCECOLEPILOTAGE,"GEHPC Groupement Europeén Hélicoptère","Aéroport d'Annecy Meythet, 74370, METZ TESSY, HAUTE-SAVOIE"
GEIQBTP,"GEIQ BTP","Parc Altaïs, 15 rue Andromède, 74650, CHAVANOD, HAUTE-SAVOIE"
GENANSGUY,"HG Import-Export","La Doma  -  Le Pont, 74290, ALEX"
GES INFO,"Ges Conseil / Ges Audit / Ges Info","39, Rue Adrastée, Parc Altaïs, 74650, Chavanod"
GIPACOMMUNICATION,"GIPA COMMUNICATION","1 allée des clyclamens, 74200, THONON LES BAINS, HAUTE-SAVOIE"
GOLF-CHALL,"Piguy Golf Challenge","La Manufacture, 2, rue Charles Christofle, 93200, ST DENIS, SEINE-ST-DENIS"
GONZALEZ,"ACROPOLE","369, Rue des Abeilles, PAE les Léchères, 74460, MARNAZ"
GOURINSECU,"Gourin Sécurité","Route d'Aix les Bains, Le Treige, 74600, SEYNOD"
GOYONANDRE,"Goyon André","Chauffage - Sanitaire - Zingerie, 338, Sur le Vivier, 74290, TALLOIRES"
GPMENUI,"GPMENUISERIE","La Grangerie, 74540, MÛRES"
GRABET,"GRABET Bernard","Incomplete address"
GRANDBORNA,"Grand Bornand","B.P 8, 74450, Le Grand Bornand"
GRUFFAZFAB,"Gruffaz Fabrice - Dû 182.09 €","170, Avenue Jean Morin Z.I. des Dragiez, 74800, LA ROCHE SUR FORON"
GUILLAUME,"Guillaume Eric",""Lotissement ""Les Champagnes""", 73170, YENNE"
H2O,"H2O Propreté","267 rue Sébastien Charlety, ZA du Pré Renaud, 73490, LA RAVOIRE, SAVOIE"
HABLUTZEL,"Hablutzel","98 Chemin de Quency, 74440, MIEUSSY, HAUTE-SAVOIE"
HAUTESAVOIEHAYONS,"Haute-Savoie Hayons","Les Gruyères, 74540, Mûres"
HELISECURIT,"Héli Sécurité","Héliport de Grimaud, Quartier Peyrat, 83310, GRIMAUD, VAR"
HELLOTRAVEL,"HELLO TRAVEL","LES PLEIADES PARK NORD, ETAGE 3 - PORTE 33, 74370, METZ TESSY, HAUTE-SAVOIE"
HERVEJACKY,"Hervé Jacky","Le Pont Gondran, 74140, MESSERY"
HORIZONBOIS,"HORIZON BOIS","22 Impasse des Dents de Lanfon, ZAE de la Tuilerie, 74410, ST JORIOZ, HAUTE-SAVOIE"
IDEAL,"Ideal","80, Rue des Epinettes, 73230, Barby"
INTERGROS,"Intergros","12, Avenue Ampère, Champs sur Marne, 77447, MARNE LA VALLEE Cedex 2"
HTESAVSPOR,"Haute-Savoie-Sports","Manigod Ski Ride, Col de la Croix Fry, 74230, Manigod"
HUBO,"HUB ONE","Roissypole - Le Dôme, 4 rue de la Haye-BP 11937, 95732, Roissy CDG Cedex, VAL-D'OISE"
HUILEROBERT,"EJPI","12 rue de Roquepartide, 30300, BEAUCAIRE, GARD"
ICONIX,"Iconics","70, Rue Cassiopée, Parc Altaïs, 74650, CHAVANOD, HAUTE-SAVOIE"
IDEALP,"IDEALP","ZAE RUMILLY SUD, 3 AVENUE DU TRELOD, 74150, RUMILLY, HAUTE-SAVOIE"
IMPLENIA,"IMPLENIA","Incomplete address"
INFOKAZ,"Infok@z","28, Route du Bouchet, 74150, RUMILLY"
INSTITRURA,"Institut Rural Haute-Savoie","70, Chemin du Périmètre, 74940, ANNECY le VIEUX"
INTERMECA,"INTERMECA","PAE de Pré-Mairy, 125, allée de Primavéra, 74370, PRINGY, HAUTE-SAVOIE"
IPCOMM,"IPCOMM","Incomplete address"
IPMSAS,"IPM","PAE des Verts Prés - B.P. 57, 8 Bis, Route des Creuses, 74963, Cran Gevrier Cedex"
J2MG,"J2MG Electricité  -  Dû 918,53 €","Petit Martenex, 74150, RUMILLY"
JACQUARD-Q,"Jacquard Quincaillerie","Rond-Point de la Libération, 74800, La Roche Sur Foron"
JEANJACQUESPETIT,"sas Jean Jacques PETIT","1873 route de Genève, 74150, VALLIERES, AUBE"
JMPEQUIP,"JMP EQUIPEMENTS","256 route de la filiere, 74570, GROISY, HAUTE-SAVOIE"
JPGCONS,"J.P.G. Conseil","ZAIRST de Crolles  -Rue des Sources - Ci, 38920, CROLLES"
JUNGBARBAR,"Jung Barbara",""ZA Bâtiment ""L'Octogone"" - Rue du Jur, 74160, NEYDENS"
KALIPROTEC,"Kali Protectives","581, Route des Vernes, 74370, Argonay"
KALTMR,"H & B International Immobilier",""Résidence ""Le Suzy"" - B.P. 137 Avenue, 83240, CAVALAIRE SUR MER"
KBC-LEASE,"Kbc Lease France","55, Avenue Foch, 69006, LYON 6ème"
KYLIIMOTION,"KYLII MOTION","165 avenue de Bretagne, Parc Euratechnologies, 59800, LILLE, NORD"
LABIRP,"LAB'IRP","63 Chemin des Prud'hommes, 13010, MARSEILLE 10EME ARRONDISS, BOUCHES-DU-RHONE"
LABO SYNER,"Laboratoire Synergie","2, Résidence du Centre, 74410, ST JORIOZ"
LAFFINMUGU,"Laffin Muguette","208, Route de chez Maréchal, 74350, Cruseilles"
LAMY,"Bijouterie Lamy - Guiral SAS","23, Rue du Pâquier - BP 31, 74001, ANNECY Cedex"
LANDOINEMB,"Landoin Emballages","Z.I. Nord  -  Rue de Tamas - ARBENT, B.P. 172, 1105, Oyonnax Cedex"
LAUWERS,"Assistance Technique","Le Brévent Rue de Bersat, 74930, REIGNIER"
LAPIVOTTE,"Comptoir des marmottes","66 route du Linga, Castel des Neiges, 74390, CHATEL, HAUTE-SAVOIE"
LARCHIER,"Larchier Frédéric","Cabinet Médical du Pieuré, 32, Rue des, 73170, YENNE"
LAVAGEAUTOSERRA,"LAVAGE AUTO DE LA SERRA","42 Chemin des Scies, Hameau de Rovagny, ZA des Vernays, 74210, GIEZ, HAUTE-SAVOIE"
LAZARUS,"Lazarus","3 allée des Platanes, Résidence du Parc, 74940, ANNECY LE VIEUX, HAUTE-SAVOIE"
LC,"LC CHRONO","Route de Genève, 18, 12225, Chêne-Bourg"
LCINFOR,"LC INFORMATIQUE","25 A, rue Fernand Pillot, 33133, GALGON, GIRONDE"
LCO,"Lco Arrk","423 rue des champs de la pierre, Espace leader, 74540, ALBY SUR CHERAN, HAUTE-SAVOIE"
LECOMTE,"ERIC LECOMTE","Parc des Longeray, Bâtiment Le Boréal, 74370, METZ TESSY, HAUTE-SAVOIE"
LECOT SA,"Lecot","ZI du Levray - Rue du Tanay, 74960, CRAN GEVRIER"
LELOUP,"LELOUP","Incomplete address"
LEMOLE,"LE MOLE","74300, THYEZ, HAUTE-SAVOIE"
LEPAINDEMAYOU,"LE PAIN DE MAYOU","Les 4 chemins R.D 1504, 73170, ST JEAN DE CHEVELU, SAVOIE"
LEPTITFLO,"LE PTIT FLO","Espace Leaders, 74540, ALBY SUR CHERAN, HAUTE-SAVOIE"
LETAGE,"Restaurant  L'ETAGE","2, Boulevard Jean Charlot, 73100, Aix Les Bains"
LFPW,"Les Formations Pascal Weigel","Site Archamps Abc1 60 r Douglas, Engelbart, 74160, ARCHAMPS, HAUTE-SAVOIE"
LGMH,"LGMH","8 rue du docteur Pravaz, 69610, Sainte Foy les Lyons, RHONE"
LIDAL74,"Laboratoire Interdépart. d'Analyses","22, Rue du Pré Fornet, B.P. 42, 74602, Seynod Cedex"
LOCAM,"LOCAM","36C RUE DES VINGTS TOISES, 38950, ST MARTIN LE VINOUX, ISERE"
SLI,"Solution Logique","Incomplete address"
LOCAM38,"Locam - Agence Grenoble","36 C, rue des Vingt Toises, Le Forum Saint Martin, 38950, ST MARTIN LE VINOUX, ISERE"
LOCAM42,"Locam - Agence St Etienne","29, Rue Léon Blum, 42048, St Etienne Cedex"
LOGITRANSINST,"Logistique Transport Installation","60 Chemin des Rutys, 74370, PRINGY, HAUTE-SAVOIE"
LUMIVER,"DIAGES","Z.I. des Dragiez, 74800, La Roche / Foron"
LUNCHSERVI,"Lunch Service","P.A.E. des Longeray, 74370, Metz Tessy"
M2O,"M2O","166, Rue de l'Industrie, Z.I. Marvex, 74950, Scionzier"
MAIRIEUSINENS,"Mairie d'Usinens","121 Route d'Usinens, 74910, USINENS, HAUTE-SAVOIE"
MAISONMUGNIER,"MAISON MUGNIER","2474 rd 6007 Voie Nolis, 06270, VILLENEUVE LOUBET, ALPES-MARITIMES"
MALAGOLA,"Malagola Georges","Clos Lamartine, 26, Rue de la Cour, 74940, ANNECY le VIEUX"
MANDRAY-DE,"Mandray - Delettraz (Infirmières)","La Roseraie - Route de la Fruitière, 74370, VILLAZ"
MANEGEHOTE,"Manège","15, Route du Crêt du Midi, Rond-Point de Rochebrune, 74120, MEGEVE"
MAPO,"Mapotempo","Technopole Helioparc, 2 Avenue Pierre Angot, 64000, PAU, PYRENEES-ATLANTIQUES"
MAUCUER,"LOGIX'M","Les Arcades du Midi  39, Rue Jules Ferry, 74700, SALLANCHES"
MARBENTECHNIRESO,"Marben  -  Techni-Réseaux","171 Route des Martinets, Zac de Findrol, 74250, FILLINGES, HAUTE-SAVOIE"
MARCHAND,"MARCHAND Gérard","14 avenue du VERNAY les Soles, 74200, THONON LES BAINS"
MARTIN COC,"Martin-Cocher Laurence","3, Impasse des Castors, 74330, POISSY"
MARTIN-SEB,"Martin Sébastien","Le Clos du Prieure - Bâtiment E, 56, Route du Salève, 1280, Prevessin Moens"
MATHELIN,"SARL MECANIQUE MATHELIN","Z.A de Maboez, FONTAINE, 01420, CORBONOD, AIN"
MINOTGMM,"GMM","BP 26, 74290, Menthon St Bernard"
MAZZATPVRD,"Mazza Jean","Z.A. des vernay2, 74210, DOUSSARD, HAUTE-SAVOIE"
MBFMENUISE,"Menuiserie Bonaventure Fabien","197, Route des Molliats, 74370, St MARTIN de BELLEVUE"
MCPI,"M.C.P.I.","67, Chemin des Prés Bouveaux BP 98, 74600, SEYNOD"
MEDICALTEL,"Médical Télé-Services","70, Impasse de la Prairie, ZAC de Bromines, 74330, La Balme de Sillingy"
MEDIVAL,"Centre Médical MEDIVAL","Chef lieu, 73150, VAL D'ISERE"
MEGABATARG,"Megabat Carrelages","Zone Industrielle, 102, Rue des Chênes, 74370, Pringy"
MENTHONEX,"Menthonnex sous Clermont","Mon Loup, 74270, Menthonnex Sous Clermont"
MENUISAV,"Menuiserie Savoyarde","190 Avenue de la Plaine, Z.I des Grives, 74150, Marigny  Saint Marcel"
MENUISERIEVEYRAT,"MENUISERIE VEYRAT","135 Zone artisanale de la papeterie, 74800, ARENTHON, HAUTE-SAVOIE"
MEROTTOMAC,"Merotto Maçonnerie","Z.A. les Balmettes, 8, Rue de la Balmette, 74230, Thônes"
MEYER,"MEYER Daniel","Za dessus le Fier, Impasse des Frenes, 74370, Argonay"
MGOCONSULTING,"MGO CONSULTING","Incomplete address"
MILHAMIMPO,"Milham Import","Z.A.E des Egratz, 74190, Passy"
MILLEPIECESSERVICE,"MILLE PIECES SERVICES","6 avenue François Mitterand, 47200, MARMANDE, LOT-ET-GARONNE"
MIR,"Presses M.I.R.","Z.I. des Grands Vris B.P. 16, 74540, ALBY SUR CHERAN"
MJCNOVEL,"Novel","Place de l'Anapurna, 74000, Annecy"
MJM-MOTORC,"MJM Motorcycles","ZAC Actigone, 3, Avenue du Vieux Moulin, 74960, Meythet"
MJMPASSION,"MJM Passion","16 Rue de Moëllesullaz, 74240, GAILLARD, HAUTE-SAVOIE"
MOUCHETCONSTRUCTION,"Société Nouvelle Mouchet Construction","ZA La Praux -  Noyer, 74200, ALLINGES, HAUTE-SAVOIE"
MRS,"Micro Réseaux Services","Parc du Chater, 63, Rue de la Garenne, 69340, FRANCHEVILLE"
MSC74,"MSC74","230 Route d'Alberville, 3 impasse des Ecrevisses, ZI du pont de Tasset, 74960, MEYTHET, HAUTE-SAVOIE"
MURPEINT,"MurPeint","à l'attention de Mme Acar, 74000, Annecy"
MYOSOTIS,"Myosotis","591, Route de la Rachy, 73200, Gilly s/ Isère"
NAHONLAURE,"Nahon Laurence & Baumann Anne","175, Rue des Ecoles, 74410, ST JORIOZ"
NATURALEX,"NATURALEX","150 rue de Genève, CP 14, 1226, Thonex"
NATUREV,"Naturev","49, Rue René Cassin, 74150, Rumilly"
NAVESMAIRI,"Nâves-Parmelan Ecole","Place du Capitaine Anjot, 74370, NAVES-PARMELAN"
NEMETSCHEK,"Nemetschek France","Le Crab  20, Rue Lortet, 69007, LYON"
NETDESIGN,"Net Design","ZAC Valparc Bâtiment B, 74330, POISY"
NEUTRALSEI,"Rousseaux Dorothée","Sur le Crêt, 74600, MONTAGNY les LANCHES"
NEW0319,"FEDERATION BTP 74","74991, ANNECY CEDEX 09"
NEW0399,"INTERMECA","125 allée de Primavera Park, 74370, METZ TESSY"
NEXTVISION,"Next Vision","Incomplete address"
NICIMPEX,"Nic Impex","Parc des Glaisins, 8 Rue des Bouvières, 74940, ANNECY LE VIEUX, HAUTE-SAVOIE"
NOBLINSPIE,"Noblins Pierre","Résidence du Lac Blanc, 73120, COURCHEVEL - LE PRAZ"
NORD-OUEST,"Nord-Ouest","325, Route de Valparc, Bâtiment A - RDC, 74330, POISY"
NOVAFIT,"Sarl Groupe Novafit","3 Bis rue de la L'égalité, 74960, MEYTHET, HAUTE-SAVOIE"
OBILOG,"OBILOG SARL","15 route de Nanfray - Parc Levray, 74960, CRAN GEVRIER, HAUTE-SAVOIE"
OGM,"Association OGM","90 Impasse des Daudes, 74320, SEVRIER, HAUTE-SAVOIE"
ORANGEBLEUE,"ORANGE BLEUE","285 Rue des Meurisiers, ZAC de Pré Vaurin, 74370, PRINGY, HAUTE-SAVOIE"
OLLIERES,"Mairie des Ollières","1, Rue des Praz, 74370, Les Ollieres"
OLPG,"OLPG","Avenue de l'Arcadod - BP 75, Z.I des Pérousses, 74152, RUMILLY cedex, HAUTE-SAVOIE"
OPAC74,"O.P.A.C. 74","2, Rue Marc Leroux, 74000, ANNECY"
OPCALIA,"OPCALIA Rhône Alpes","66, Avenue Jean Mermoz, B.P. 8048, 69351, Lyon Cedex 08"
ORCHESTREPS,"ORCHESTRE DES PAYS DE SAVOIE","17 Rue du Lac St André, Bâtiment KAOLA Technolac, 73370, LE BOURGET DU LAC, SAVOIE"
ORPAEY,"ORPAEY","PAE DE PRE MAIRY, 125 ALLEE PRIMAVERA, 74370, PRINGY, HAUTE-SAVOIE"
OZONEPRO,"OZONE PRO","ZA de l'estuaire, 53 avenue de la pierre vallée, 50220, POILLEY, MANCHE"
PAPINOTSFRERES,"LES FRERES PAPINOTS","Route des Jeunes, 1227, CAROUGES"
PATRIPLOMB,"Patrick Plomberie","1, Rue du Tanay, Z.A. du Levray, 74960, CRAN GEVRIER"
PCSTREET,"Pc-Street","Incomplete address"
PEREZ,"Perez","8, Rue du Mont Baron, 74940, ANNECY le VIEUX"
PERMPARL,"Permanence Parlementaire","7 avenie du Parmelan, 74000, ANNECY, HAUTE-SAVOIE"
PERRILLAT,"Rey Martinez","ZAE la Touffière, 74370, St Martin Bellevue"
PERRINSTORES,"PERRIN STORES","590 rue du Grand Pré, 74460, MARNAZ, HAUTE-SAVOIE"
PETITEEPICERIE,"LA PETITE EPICERIE","1 Route du Col des Marais, 74230, SERRAVAL, HAUTE-SAVOIE"
PHARMA FAN,"Pharmacie Fantin & Lehouque","Place des Tilleuls, 74940, ANNECY LE VIEUX"
PHIDEV,"Phidev","336, Route de Grattepenche, 74370, Villaz"
PIERREEAUSERVICES,"Pierre Eau Services","Lieu Dit ''Mortery'', 74270, MENTHONNEX SOUS CLERMONT, HAUTE-SAVOIE"
PIERRESDECO,"Pierres et Déco","Z.I. Les  Grands Vris, 266 Allée de Marigny, 74540, ALBY SUR CHERAN, HAUTE-SAVOIE"
PILLEMYPNE,"Team RS Pneus","Route de Cruseilles, 74350, Cruseilles"
PJMDIFFUSI,"PJM Diffusion","Verdevant, 20 chemin des Lilas, 74440, TANINGES, HAUTE-SAVOIE"
PLATIMMOBI,"Agence Neptune Immobilier","Joëlle & Robert Plat, 11, Rue Frédéric Mistral, 34280, LA GRANDE MOTTE"
PLATRE-LAC,"Platrerie du Lac","191 Route du Vengeur, 74330, La Balme De Sillingy"
PLEXUS-MDK,"Plexus - Filiale du Groupe Cegedim","122, Rue d'Aguesseau, 92641, BOULOGNE BILLANCOURT Cedex"
PLOMBERIEKM,"Plomberie KM","20 Lotissement du Mont Blanc, 01550, COLLONGES SOUS L'ECLUSE, AIN"
PLUMENCO,"PLUME'N CO","Lieu dit Mortéry, 74270, MENTHONNEX SOUS CLERMONT, HAUTE-SAVOIE"
POCHATMACO,"Pochat Philippe - Maçonnerie","9 route de Bellossier, Le Pessey, 74230, THONES"
POLLET-THI,"POLLET-THIOLLIER Jean-Paul","Les Esserts, 74450, ST JEAN DE SIXT"
PORTUGALKE,"Scp Kerrien - Portugal","Cabinet Médical - Résidence St Roch, 73350, BOZEL"
PPCI,"PPCI PASCAL PONCET","10 Rue des Chamois, PAE de Vincy, 74330, LA BALME DE SILLINGY, HAUTE-SAVOIE"
PPL,"Professional Product Line","22, Avenue des Genévriers, Z.I. de Vongy, 74200, THONON"
PRAT,"Grosjean-Foray- Prat","Centre Médical, 73450, VALLOIRE"
PRESTASERVICE,"Groupe PPI","208 Rue de l'industrie, ZI La Vernangere, 01390, ST ANDRE DE CORCY, AIN"
PRIEUMELIN,"Prieux - Melin","L'Acropole, 88, Avenue d'Aix les Bains, 74600, Seynod"
PRINGYPL,"PRINGY POIDS LOURDS","761 Chemin des Vernes, 74370, PRINGY, HAUTE-SAVOIE"
PROASSIST,"PROASSIST","11 les cours du Plot, 74570, GROISY, HAUTE-SAVOIE"
PROFILBOIS,"Profil Bois","1766 C Route des Grandes Alpes, 74110, Morzine"
PRONET74,"Pronet","22 Avenue de Bouvard, 74000, ANNECY, HAUTE-SAVOIE"
PROPOSECOM,"Pro'Posecom","Les Hespérides, 74150, Vallieres"
PROSPECT,"Prospect Solution Logique (SLI)","Incomplete address"
PULSER,"1'Pulser  -  Mr Fabien Rossiaud","Savoie Technolac, BP 360, 73372, Le BOURGET du LAC Cedex"
PXFRANCE,"PX-France","Route de Valparc, Bât. B - RDC, 74330, Poisy"
QUASARSOLU,"Quasar Solutions","Z.A. du Levray, 15, route de Nanfray, 74960, Cran Gevrier"
REMISE P,"Remise Pierre",""Immeuble ""Le Jupiter"" 3, Rue des Cols, 74940, ANNECY LE VIEUX"
QUAZZOLA,"Quazzola","1, Rue des Buloz, P.A.E des Glaisins, 74940, Annecy le Vieux"
RAM / REAL,"Ram / Réal","343, Route de la Gare, 74370, PRINGY"
RAPIDOBACK,"Rapido Backup","4, Rue Gustave Doré, 75017, Paris 17"
RAVIER-MAR,"Ravier Marc","Chauffage Sanitaire, Chef Lieu, 73590, Crest Voland"
RBFRANCE,"RB FRANCE","171 route des Marais, ZAC de la Tuilerie, 74410, ST JORIOZ, HAUTE-SAVOIE"
RCKM,"R.C.K.M.","283, Route des Creuses, Z.A.E des Césardes, 74600, SEYNOD"
RDA-CG,"Régie Départementale d'Assistance","Conseil Général - BP 2444, 1, Rue du 30e RI, 74041, ANNECY Cedex"
REFUGEEVETTES,"REFUGE DES EVETTES","73480, BONNEVAL SUR ARC, SAVOIE"
REGIEMUNMONTALLIEU,"Régie Municipale Montallieu Vercieux","38390, Montallieu-Vercieu"
REIGNER,"Mairie de REIGNIER","B.P.9 18, Grande-Rue, 74930, REIGNIER"
REIGNIER M,"Maison de Retraite Départementale","Centre de Long Séjour  44, Grande Rue, 74930, REIGNIER"
RENOV-CONC,"Renov Concept","8 Bis, Route des Creuses, ZA des Verts Prés, 74960, Cran Gevrier"
RESIDIDIER,"Résidence Paul IDIER","22, Route de Perouzes, 74290, VEYRIER DU LAC"
REYBROSSER,"BROSSERIE SAS DIL","4 bis rue du Vy Levé - BP 325, 74940, ANNECY LE VIEUX, HAUTE-SAVOIE"
REYGAGNE,"Reygagne","Rovagny GIEZ, 74210, FAVERGES"
REYJJ,"REY Jean-Jacques","3, Allée Huche à Muguet, 74950, SCIONZIER, HAUTE-SAVOIE"
RGD74,"Régie de Gestion des Données 74","Incomplete address"
RICHARDBER,"Richard-Berlan Jean",""15, Avenue d'Abondance - ""Les 4 Vents", 74500, EVIAN LES BAINS"
RICHIE,"Entreprise Richiero","BP 9, ZI Rue Ambroise Croizat, 73401, UGINE Cedex"
RION,"ETS RION BOIS","Incomplete address"
RLSOFFICE,"RLS Office","Richard Louis SAAS, 620, Les Devants de P, 74370, PRINGY"
ROCAILLES,"Syndicat Intercommunal des Rocailles","Z.I. Bidailles Scientrier, 74930, REIGNIER"
ROCHEELIANE,"Roche eliane","12 Rue du general Ferie, 74000, ANNECY, HAUTE-SAVOIE"
ROLLINM,"Rollin Marc","9, Pré Bernard, 74410, ST JORIOZ"
ROSNOBLET,"Rosnoblet Electro-Mécanique","Z.I. des Jourdies, 74800, St Pierre En Faucigny"
ROUSSEAUX,"Rousseaux Ets","Zone Artisanale II, Quartier Ledignan, 30300, Fourques"
ROUSSEAUXETS,"Ets Rousseaux","482 Route des Provins, 74370, VILLAZ, HAUTE-SAVOIE"
ROUX,"André Roux","ZI la Perriere, 1250 chemin la Glière, 74300, Magland"
ROUXELVALE,"Rouxel Valérie","Cabinet Médical du Pieuré, 32, Rue des, 73170, YENNE"
RTMULTISERVICES,"RT Multiservices","360 Rue du Mont Blanc, ZAC d’Orsan, 74540, ST FELIX, HAUTE-SAVOIE"
RUBIN,"Rubin","290 allée de Glaisy, Z.I de Glaisy, 74300, THYEZ"
RUMILLYMAI,"Rumilly","Place de la Mairie, 74150, RUMILLY"
RUMITRANS,"RUMITRANS","2 impasse Rumidis, ZAE Rumilly Sud, 74150, RUMILLY"
SABLAGEPIERRESCHALET,"SABLAGE Pierres et chalets","2 impasse de Glières, Z.A ACTIGONE, 74960, MEYTHET, HAUTE-SAVOIE"
SALEM-SELA,"Salem   (Mr Selam)",""La Maison ""La Bastide""", Route d'Aix les Bains, 73410, Albens"
SAMBIAN-NO,"Sambian-Noël Elisabeth","45, Allée de l'Arc en Ciel, "Bâtiment ""le", 74300, CLUSES"
SANTEFFI,"SANTEFFI","2, Quai du Commerce - CP 101, 69266, LYON Cedex 09"
SARF,"S.A.R.F.","18, Route de Plein Champ, 74600, SEYNOD"
SARLALPY,"SARL ALPY","ZA LES ECHENEAUX, 73310, ST PIERRE DE CURTILLE, SAVOIE"
SAUVAGEOTMENUISERIE,"SAUVAGEOT Menuiserie Charpente Bois EURL","624, rue des Bracots, Z.I les Bracots, 74890, BONS EN CHABLAIS, HAUTE-SAVOIE"
SAVOIEFROM,"Savoie From AD","Lieu Dit La Thuile, Ste Foy Tarentaise, 73700, Bourg St Maurice"
SAVOIEPREV,"Savoie Prévention","Parc de La Filière, 245 route des Futaies, 74370, VILLAZ, HAUTE-SAVOIE"
SCHINDLER,"Schindler","BP 9033, 74991, ANNECY cedex"
SCHMUTZ,"Schmutz Marc","Place d'Etale, 74960, CRAN GEVRIER"
SCHWER,"Schwer Fittings","PAE du Pré Mairy, 86, route du Viéran, 74370, PRINGY, HAUTE-SAVOIE"
SCIBTCT,"SCI BTCT","Lieu dit La Combe de Marlens, 1036 route de la Flamme Olympique, 74210, VAL DE CHAISE, HAUTE-SAVOIE"
SCIERIEDB,"SDB - SCIERIE DU BRONZE","46 Allée de l'industrie, 74130, CONTAMINE SUR ARVE, HAUTE-SAVOIE"
SCIGOSINI,"SCI GOSINI","ZA LES ECHENEAUX, 73310, ST PIERRE DE CURTILLE, SAVOIE"
SCOOP360,"Sarl CIA","2 Allée d'Uriole, 38760, ST PAUL DE VARCES, ISERE"
SCTB,"SCTB est devenue Aurore Boréale Peinture","7, Boulevard de Bellevue, 74000, ANNECY"
SEEAP,"SEEAP","4, Rue du Bulloz B.P. 120, 74941, ANNECY le VIEUX Cedex"
SEIM-HYDRO,"SEIM France","14, Avenue des Vieux Moulins, Z.I. de Vovray, 74000, ANNECY"
SIMOX,"SIMOX","25 rue de la Forêt, P.A  - La Forêt, 74130, CONTAMINE SUR ARVE, HAUTE-SAVOIE"
SNAEM,"S.n.a.e.m.","La Tour Clerton, 985, Route des Villards, 74300, Magland"
SNF,"SOCIETE NOUVELLE DU FROID","27, place de Stockach, Z.I Les Afforêts, 74800, LA ROCHE SUR FORON, HAUTE-SAVOIE"
SOCADAL,"Socadal","53, Route de St Sylvestre, Z.I. les Cortes, 74540, Alby Sur Cheran"
SOCQUETCPT,"Claude Socquet  Expert Comptable","14 RUE HENRI BORDEAUX, 74000, ANNECY, HAUTE-SAVOIE"
SODISERE,"SARL SODISERE","2 RUE DU PERTICOZ, 38630, LES AVENIERES, ISERE"
SOEURSCROI,"Congrégation Province de France","Soeurs de la Croix de Chavanod, 4 B, Rue des Cols Verts, 74940, Annecy Le Vieux"
SOFIDUCIA,"Sofiducia",""189, Rue des Ecoles - ""Le Clos Fleuri", 74930, REIGNIER"
SOLSTICE,"Solstice","25, Route de la Léchère, Z.I. de Vincy, 74330, LA BALME DE SILLINGY"
SOMEFLU,"SOMEFLU","BP-72, 93261, LES LILAS Cedex"
SOPRA,"Sopra","Division Evolan Pack P.A.E Les Glaisins, 74940, ANNECY LE VIEUX"
SOSRAYON,"SOS Rayonnages","399 rue Stéphane Duc, Z.I de Motz/Serrières, 73310, SERRIERES EN CHAUTAGNE, SAVOIE"
SPORTAIRE,"SPORTAIRE GRENOT","Incomplete address"
SPTP,"SPTP","Incomplete address"
SQUADRAMENUISERIE,"Squadra Menuiserie","153 Chemin des Prés Bouveaux, 74960, CRAN GEVRIER, HAUTE-SAVOIE"
STEFANIELECTRO,"Stefani Electrotechnique","Onnex, 515, Route des Aulnes, 74370, Villaz"
STARLEASE,"Starlease","59, Avenue de Chatou, 92853, RUEIL MALMAISON"
STATION,"STATION MARCHE","Avenue F.Roosvelt, 74150, RUMILLY"
STAUBLCOOP,"Stäubli Faverges (Coopérative)","Place Robert Stäubli  -  BP 70, 74210, FAVERGES"
STEBAT,"STEBAT","197 Route de Tamier, 73200, Gilly Sur Isere"
STMB,"Société Touristique du Mont-Blanc","100, Parking de l'Aiguille du Midi, 74400, CHAMONIX MONT BLANC"
STRM,"STRM","ZAC des Erables, 7 Rue des Artisans, 74100, VETRAZ MONTHOUX, HAUTE-SAVOIE"
TALYAPISCINE,"TALYA Piscine","485 Rue Denis Papin, ZI de Coron, 01300, BELLEY, AIN"
SWALDECO,"SWAL DECO","ZA DU CANTUBAS, RUE DES MOUSSELINIERS, 69170, TARARE, RHONE"
T.B.SMONTP,"T.B.S. Industrie","Parc Club du Millénaire - Bâtiment 10, 34036, MONTPELLIER Cedex"
T.B.SSTPIE,"T.B.S Industrie","B.P. 37, 49110, ST PIERRE MONTLIMART"
TALLOIREOT,"Office du Tourisme de Talloires","B.P.1, 74290, TALLOIRES"
TARDYCHALE,"Châlets Tardy",""Lieu-Dit ""Les Voirons""", 1384, Rue des Allobroges, 74140, St Cergues"
TCS,"T.C.S. 74","25 rue de Bel Air, 74000, ANNECY, HAUTE-SAVOIE"
TECHTOPO,"Techniques Topo","10 rue Mercoeur, 75011, PARIS 11EME ARRONDISSEMENT, PARIS"
THIARDCHAU,"Thiar Chaussures","Monsieur Jacques Thiar, 9, Rue de la République, 38000, GRENOBLE"
THONESMAIR,"Ville de Thônes","Mairie de Thônes, Place de l'Hôtel de Ville - BP 82, 74230, THONES"
TIERRASDELSUR,"Tierras del sur","Incomplete address"
TISSOTCARR,"Carrosserie des Marais","135, Route d'Argonay, Z.I. Pringy, 74370, PRINGY"
TISSOTEDIT,"Editions Tissot","Rue du Pré Paillard, B.P. 109, 74941, Annecy Le Vieux Cedex"
TRAMECFRANCE,"Tramec France","ZAE de Planbois - 145 Impasse des Clos, 74550, PERRIGNIER, HAUTE-SAVOIE"
TRANSFRET,"TRANSFRET","1583 route de l'Amy, 74350, ALLONZIER LA CAILLE, HAUTE-SAVOIE"
TROUSSELASSUR,"TROUSSEL ASSURANCES","140 Route,des contamines -PAE, 74930, PERS JUSSY, HAUTE-SAVOIE"
TRYBA-AMS,"AMS","Agence Tryba au  4, Rue de la Praille, Zone Artisanale de Val Thoiry, 1710, Thoiry"
TURCIUS,"Cabinet TURCIUS","45, Chemin des Croisettes - Les Terrasse, 74320, SEVRIER"
UNIVSAVOIE,"Université de Savoie","4, Chemin de Bellevue - BP 806, 74016, ANNECY Cedex"
UNOSTRA,"UNOSTRA","4, Allée des Morilles, 74960, CRAN GEVRIER"
UPRACING,"Up-Racing","129, Avenue de Genève, MBE 167, 74000, Annecy"
USAV,"USAV","6 RUE DE PRÉ VERNET, 74940, ANNECY LE VIEUX, HAUTE-SAVOIE"
USHI,"USHI","18 RUE ANDRE THIEURIET, 74000, ANNECY, HAUTE-SAVOIE"
UXP,"2 I Process","12, Av Pierre de Coubertin, Z.I. Perceval, 38174, SEYSSINET Cedex"
VEOLIA-CMT,"Creusot Monceau Transports","chez Veolia Transports, 1, Rue de Mailly, 69300, Caluire Et Cuire"
VEOLIA-STA,"Veolia Transport STAC => CONNEXCHY","18, Avenue des Chevaliers Tireurs, 73026, CHAMBERY Cedex"
VEOLIATRSP,"STAV","18, Avenue des Chevaliers Tireurs, 73026, CHAMBERY Cedex"
VERGORIBRU,"Bruno Vergori et Fils","561 route des Blaves, Zone industrielle de Noyer, 74200, ALLINGES, HAUTE-SAVOIE"
VIDEOCOM2000,"Groupe Vidéocom","ZAC de Marclaz, 40, Rue du Pamphiot, 74200, THONON LES BAINS, HAUTE-SAVOIE"
VIGLIVER,"VIGLIVER","Incomplete address"
VIOLLET,"Viollet Isabelle","Incomplete address"
VITRERIESA,"Vitrerie Savoyarde","ZAE des Césardes, 5, Avenue Ampère, 74600, SEYNOD, HAUTE-SAVOIE"
WALKINSHOP,"Maddle In","Commerce de Chaussures, 41, Rue Vaugelas, 74000, Annecy"
WILDGOAT,"WILD GOAT","9005 PARK NORD DE LA BOUVARDE, BATIMENT LES PLEIADES N25, PARK NORD DE LA BOUVARDE, 74370, METZ TESSY, HAUTE-SAVOIE"
ZEDES,"ZEDES","BP 33 - Z.I du Musinet - Plastic avenue, 01460, MONTREAL LA CLUSE, AIN"
WOLFF,"Cabinet d'Architecture J.F. WOLFF","5, Rue Paul Guitton, 74000, ANNECY"
ZANETTO,"ZANETTO SAS","Incomplete address"